datetime,count_predicted
05-06-2012 5:00,21
19-03-2011 19:00,132
02-04-2012 6:00,92
13-07-2012 20:00,504
09-11-2011 19:00,283
10-03-2012 0:00,59
19-05-2011 13:00,123
01-05-2011 8:00,74
07-07-2012 8:00,176
07-05-2011 16:00,374
09-04-2011 11:00,194
16-06-2011 04:00,5
13-07-2012 22:00,279
02-03-2012 14:00,170
18-05-2012 15:00,346
14-12-2011 22:00,97
17-02-2012 19:00,277
15-04-2012 18:00,424
06-10-2012 23:00,140
17-07-2012 00:00,50
13-09-2012 11:00,280
13-01-2012 07:00,209
11-08-2012 8:00,168
17-09-2011 08:00,76
04-11-2011 11:00,122
01-10-2011 11:00,137
03-03-2011 12:00,69
05-12-2012 19:00,382
18-06-2012 23:00,80
19-09-2012 18:00,748
08-11-2011 19:00,280
18-02-2011 13:00,144
07-11-2011 10:00,88
10-08-2011 14:00,156
02-05-2012 0:00,49
14-01-2011 14:00,59
17-07-2011 01:00,81
14-07-2011 15:00,221
04-03-2011 3:00,1
18-12-2012 15:00,238
14-12-2012 10:00,143
14-05-2011 03:00,18
19-03-2012 23:00,81
08-01-2011 5:00,2
13-08-2011 06:00,18
04-08-2011 2:00,6
03-02-2012 5:00,18
16-12-2012 21:00,145
04-01-2011 9:00,79
06-04-2011 1:00,8
09-03-2012 11:00,119
12-10-2012 20:00,401
14-06-2011 20:00,235
06-12-2012 2:00,8
03-12-2012 2:00,10
10-07-2011 17:00,326
09-01-2012 22:00,66
10-01-2012 17:00,371
07-08-2012 4:00,8
17-01-2011 04:00,2
03-05-2011 15:00,164
08-04-2012 7:00,43
04-07-2011 5:00,7
13-01-2011 14:00,54
18-08-2012 23:00,155
11-12-2012 0:00,21
11-03-2012 9:00,113
18-03-2012 08:00,79
06-12-2011 3:00,3
05-11-2011 14:00,335
10-10-2012 11:00,279
02-11-2011 20:00,194
18-07-2011 21:00,191
09-03-2011 15:00,77
10-12-2012 17:00,550
02-01-2011 20:00,61
01-10-2012 10:00,233
17-07-2012 14:00,182
07-03-2012 15:00,191
09-02-2011 22:00,28
16-01-2011 01:00,27
19-02-2012 12:00,215
09-02-2011 2:00,1
06-09-2011 9:00,155
11-06-2011 8:00,115
08-02-2011 2:00,2
15-08-2012 14:00,275
17-05-2011 12:00,82
03-04-2012 18:00,664
14-05-2011 07:00,21
06-01-2011 8:00,188
04-05-2011 22:00,97
14-08-2011 18:00,279
01-12-2012 18:00,307
11-01-2011 17:00,122
10-02-2011 17:00,149
08-02-2011 23:00,21
13-03-2011 04:00,4
18-06-2012 15:00,264
16-04-2012 18:00,337
05-09-2011 10:00,218
17-09-2012 05:00,33
05-12-2011 19:00,250
10-01-2011 1:00,3
08-05-2012 8:00,641
08-07-2011 16:00,156
06-09-2012 7:00,421
06-11-2012 17:00,551
05-03-2012 20:00,135
01-10-2011 13:00,246
17-04-2011 14:00,287
18-08-2012 11:00,553
03-09-2012 22:00,133
13-03-2011 08:00,56
12-05-2011 8:00,431
10-10-2011 11:00,321
11-04-2012 10:00,123
15-05-2011 09:00,132
06-10-2011 17:00,627
12-06-2011 7:00,40
15-04-2011 20:00,98
05-04-2012 14:00,217
13-04-2012 14:00,274
10-05-2012 8:00,695
02-02-2011 15:00,71
09-03-2011 9:00,82
19-05-2012 20:00,309
11-07-2012 18:00,857
18-04-2012 02:00,10
19-09-2012 13:00,301
04-11-2012 20:00,185
15-12-2012 11:00,386
08-04-2012 3:00,27
11-09-2011 0:00,70
16-12-2012 11:00,310
03-03-2012 15:00,349
03-11-2011 12:00,205
15-01-2012 01:00,31
07-10-2011 1:00,15
07-11-2011 0:00,24
04-03-2011 18:00,250
14-03-2012 12:00,223
11-05-2012 4:00,8
16-12-2012 07:00,44
01-03-2011 11:00,61
12-01-2012 5:00,11
13-08-2011 21:00,109
19-11-2012 01:00,17
09-09-2012 12:00,587
06-09-2011 16:00,82
17-08-2012 14:00,281
16-08-2011 07:00,314
01-04-2011 6:00,33
03-06-2012 17:00,551
09-01-2012 17:00,189
18-10-2012 04:00,8
02-06-2012 21:00,249
02-12-2011 17:00,470
02-08-2012 14:00,261
03-12-2011 5:00,5
12-10-2012 19:00,541
02-05-2012 17:00,731
07-11-2012 14:00,167
05-04-2012 3:00,7
03-06-2012 12:00,627
01-04-2011 3:00,1
04-01-2011 5:00,7
06-04-2012 3:00,6
09-07-2012 18:00,858
17-08-2012 22:00,149
17-11-2012 14:00,516
19-03-2012 21:00,201
05-01-2012 15:00,132
17-02-2011 03:00,2
13-04-2011 04:00,1
18-11-2011 04:00,3
12-09-2011 6:00,94
13-12-2011 08:00,299
06-01-2011 21:00,60
11-11-2011 18:00,200
08-03-2012 16:00,344
05-09-2012 18:00,656
09-03-2011 9:00,81
02-06-2011 9:00,278
19-03-2012 14:00,186
10-11-2012 2:00,66
18-12-2012 21:00,206
02-05-2011 4:00,4
08-05-2011 4:00,6
17-08-2012 01:00,30
14-11-2011 23:00,86
15-11-2011 05:00,24
09-01-2012 23:00,43
10-11-2012 5:00,10
03-12-2011 14:00,280
08-03-2011 14:00,76
08-09-2012 15:00,293
13-08-2012 09:00,414
04-05-2011 6:00,25
17-03-2011 21:00,107
01-04-2012 2:00,50
15-03-2012 17:00,666
05-05-2012 10:00,455
11-10-2012 14:00,312
14-06-2012 05:00,45
01-08-2011 5:00,24
03-08-2011 3:00,5
09-06-2011 6:00,97
08-08-2011 17:00,453
16-04-2011 22:00,49
13-01-2011 05:00,7
07-04-2012 20:00,215
06-08-2012 1:00,22
08-07-2012 0:00,131
04-11-2011 12:00,181
08-04-2011 13:00,79
13-02-2011 17:00,147
01-08-2011 7:00,297
10-06-2011 1:00,11
11-03-2011 9:00,122
12-06-2012 18:00,632
15-05-2011 15:00,343
01-10-2011 12:00,284
08-01-2011 23:00,21
12-06-2012 0:00,53
07-04-2012 16:00,421
01-05-2012 8:00,449
14-09-2012 08:00,818
01-05-2011 17:00,214
04-11-2012 23:00,88
13-01-2012 09:00,153
06-01-2012 21:00,152
15-07-2011 21:00,237
13-05-2011 03:00,4
11-12-2012 23:00,87
09-06-2012 16:00,556
16-02-2012 22:00,95
10-12-2011 16:00,203
10-07-2012 16:00,460
02-10-2011 3:00,9
04-08-2011 3:00,3
11-07-2011 15:00,172
12-04-2012 20:00,274
05-01-2012 3:00,3
10-02-2011 20:00,73
13-06-2012 13:00,302
03-12-2011 6:00,11
19-11-2011 07:00,28
07-03-2011 6:00,32
17-04-2012 08:00,779
13-10-2012 17:00,522
11-05-2012 4:00,8
12-02-2011 7:00,15
09-04-2012 5:00,28
10-12-2011 9:00,109
06-12-2011 21:00,91
18-12-2012 00:00,34
05-06-2011 5:00,8
17-09-2011 11:00,272
12-12-2012 5:00,26
10-12-2011 20:00,98
13-04-2012 10:00,185
19-10-2011 02:00,7
19-02-2011 00:00,36
07-03-2012 4:00,3
14-10-2011 16:00,371
17-01-2012 21:00,121
13-08-2012 02:00,13
19-02-2011 06:00,6
03-08-2011 6:00,74
15-04-2012 08:00,137
08-02-2011 3:00,0
16-01-2011 10:00,87
12-12-2012 21:00,172
02-08-2012 9:00,450
17-12-2012 05:00,28
01-09-2011 2:00,7
19-04-2012 00:00,26
19-02-2011 18:00,107
05-04-2011 16:00,164
08-06-2011 18:00,359
18-10-2011 18:00,498
19-02-2012 23:00,39
09-01-2011 10:00,71
16-02-2011 01:00,4
13-12-2012 00:00,35
01-06-2012 16:00,332
18-03-2011 07:00,193
16-12-2012 04:00,9
05-05-2012 0:00,123
16-08-2012 19:00,621
06-08-2011 16:00,222
02-04-2012 6:00,90
13-01-2012 19:00,201
08-05-2011 19:00,204
08-08-2011 15:00,173
04-11-2011 4:00,4
01-08-2012 22:00,222
16-02-2012 06:00,79
16-01-2012 04:00,4
01-07-2012 3:00,37
18-06-2011 23:00,78
13-10-2011 06:00,65
02-01-2011 0:00,30
05-08-2011 0:00,39
03-10-2012 15:00,318
18-09-2012 09:00,218
09-10-2012 19:00,474
04-10-2012 9:00,391
10-08-2011 16:00,237
07-05-2012 5:00,30
04-02-2012 5:00,5
08-04-2012 4:00,10
02-07-2012 13:00,282
06-12-2011 16:00,88
03-10-2011 20:00,127
01-03-2012 22:00,123
10-05-2012 10:00,213
02-09-2011 20:00,238
01-09-2011 11:00,170
05-02-2012 6:00,9
07-06-2011 21:00,163
05-11-2011 22:00,85
07-04-2011 14:00,162
17-05-2012 02:00,12
07-02-2012 14:00,134
09-02-2012 0:00,18
12-02-2011 9:00,61
02-06-2011 23:00,96
09-11-2011 14:00,170
12-09-2012 10:00,222
12-03-2012 6:00,91
10-05-2012 3:00,6
19-01-2012 00:00,17
10-06-2012 22:00,189
04-11-2011 20:00,197
04-01-2012 13:00,78
02-09-2011 5:00,24
19-02-2011 16:00,151
03-05-2012 18:00,815
15-12-2012 23:00,102
01-05-2012 10:00,184
05-06-2012 20:00,367
01-01-2011 12:00,165
14-06-2012 02:00,14
01-07-2012 23:00,98
11-06-2012 22:00,211
16-05-2012 18:00,786
13-03-2011 00:00,46
12-06-2012 0:00,53
09-03-2012 14:00,147
07-10-2011 0:00,34
05-10-2011 21:00,176
11-02-2011 5:00,9
13-10-2012 00:00,124
07-11-2012 18:00,464
02-01-2012 19:00,110
03-12-2012 7:00,314
05-08-2012 17:00,522
14-03-2012 20:00,284
06-12-2011 1:00,8
05-11-2011 16:00,299
09-07-2012 11:00,257
03-03-2011 18:00,180
08-05-2011 14:00,348
04-09-2011 13:00,324
05-06-2012 17:00,793
07-11-2011 18:00,432
02-03-2012 0:00,31
02-10-2011 20:00,118
13-03-2012 07:00,219
12-06-2011 18:00,256
13-04-2012 17:00,794
14-07-2011 02:00,10
11-12-2011 11:00,181
04-04-2011 12:00,178
16-03-2012 07:00,245
16-05-2012 17:00,836
05-04-2012 11:00,174
11-11-2012 0:00,100
02-09-2011 3:00,5
02-05-2012 13:00,232
08-06-2012 16:00,493
11-11-2012 2:00,58
15-02-2012 12:00,141
14-04-2012 04:00,10
13-09-2011 23:00,74
01-03-2011 12:00,80
17-05-2011 03:00,1
19-09-2011 10:00,121
15-05-2011 02:00,32
02-11-2012 14:00,218
06-03-2012 20:00,170
08-08-2012 14:00,258
06-03-2012 17:00,361
11-01-2011 9:00,76
01-11-2011 8:00,367
19-11-2012 03:00,6
14-03-2012 06:00,101
02-02-2012 20:00,175
03-11-2011 0:00,28
09-03-2011 4:00,2
09-04-2011 3:00,5
14-08-2012 06:00,106
15-11-2012 00:00,36
13-12-2012 01:00,15
03-09-2012 2:00,65
01-11-2011 2:00,5
01-04-2011 5:00,7
01-01-2012 21:00,102
16-05-2012 15:00,277
15-07-2011 05:00,32
02-12-2011 5:00,18
02-02-2012 12:00,161
11-08-2011 4:00,7
11-10-2012 19:00,548
06-06-2011 2:00,6
13-11-2011 01:00,51
08-06-2011 12:00,153
03-07-2012 11:00,228
17-01-2011 15:00,100
16-04-2011 10:00,65
15-04-2011 09:00,150
07-05-2011 9:00,170
10-12-2012 2:00,8
09-09-2011 22:00,119
01-06-2012 9:00,387
18-05-2012 11:00,281
05-12-2011 18:00,385
09-04-2011 19:00,142
05-08-2011 12:00,236
14-08-2012 13:00,289
15-06-2011 22:00,143
08-07-2011 4:00,7
15-10-2012 05:00,40
14-01-2012 06:00,8
08-02-2012 23:00,43
13-07-2012 15:00,342
17-10-2012 07:00,397
02-07-2012 3:00,10
17-11-2012 08:00,112
18-11-2011 08:00,349
14-10-2012 02:00,76
14-01-2011 07:00,107
15-12-2012 10:00,318
18-12-2011 01:00,42
16-02-2011 05:00,8
04-08-2011 8:00,447
19-07-2011 19:00,310
08-11-2012 0:00,25
13-10-2012 18:00,446
04-05-2012 0:00,54
16-06-2011 17:00,471
11-10-2011 17:00,458
12-10-2012 3:00,8
19-11-2011 17:00,278
07-02-2011 5:00,9
05-05-2012 15:00,367
19-05-2012 07:00,62
11-04-2012 6:00,105
09-03-2012 17:00,472
09-11-2012 21:00,239
05-06-2011 17:00,307
15-03-2012 18:00,631
07-07-2012 4:00,16
03-05-2012 8:00,406
11-09-2012 22:00,199
03-01-2011 16:00,84
12-03-2012 2:00,6
14-05-2011 23:00,34
11-05-2011 13:00,180
08-10-2011 13:00,476
13-09-2011 19:00,305
11-05-2011 18:00,485
12-11-2011 11:00,258
17-02-2012 07:00,197
12-08-2012 10:00,486
19-09-2011 00:00,27
16-12-2011 23:00,60
09-08-2012 18:00,769
17-08-2011 19:00,353
02-11-2011 4:00,4
01-11-2011 7:00,209
13-08-2011 06:00,19
02-12-2012 13:00,443
01-10-2011 0:00,89
09-09-2012 23:00,133
02-04-2011 20:00,112
19-06-2011 07:00,38
16-07-2011 15:00,444
15-10-2012 03:00,9
16-08-2011 17:00,537
18-11-2011 22:00,100
15-08-2012 19:00,570
05-01-2012 9:00,153
06-06-2011 9:00,274
07-07-2011 15:00,188
16-07-2011 07:00,50
04-11-2012 0:00,98
02-08-2012 6:00,182
01-01-2012 8:00,59
09-11-2012 5:00,33
04-09-2011 1:00,62
17-01-2012 02:00,2
18-11-2012 02:00,57
03-05-2011 12:00,167
02-03-2012 18:00,241
11-09-2012 3:00,7
06-06-2011 19:00,343
06-08-2012 6:00,162
04-04-2012 11:00,216
19-03-2011 00:00,63
01-04-2012 3:00,22
19-04-2011 01:00,11
16-02-2011 15:00,87
16-07-2012 22:00,229
14-02-2012 04:00,3
13-12-2012 03:00,5
19-09-2011 22:00,117
05-12-2011 7:00,207
04-02-2012 18:00,118
09-02-2011 23:00,17
06-06-2011 6:00,94
12-04-2012 22:00,164
17-07-2011 19:00,262
13-03-2012 16:00,306
16-06-2012 18:00,463
16-04-2011 13:00,73
16-11-2012 21:00,239
14-12-2012 03:00,6
09-06-2012 13:00,555
06-06-2011 15:00,174
02-04-2012 21:00,209
14-01-2011 20:00,89
15-01-2012 03:00,10
03-09-2012 8:00,120
04-08-2011 9:00,272
10-07-2012 0:00,57
12-08-2011 10:00,177
02-02-2011 15:00,72
08-04-2012 6:00,17
02-05-2011 23:00,66
15-06-2012 01:00,25
15-09-2011 03:00,5
08-12-2012 2:00,54
06-11-2011 14:00,336
11-10-2012 23:00,139
12-06-2012 17:00,538
01-03-2011 20:00,105
11-02-2012 9:00,64
03-12-2011 15:00,288
11-10-2012 9:00,384
01-03-2011 10:00,51
06-10-2011 11:00,179
16-04-2012 10:00,348
11-06-2012 15:00,286
05-03-2012 11:00,97
08-07-2012 5:00,13
13-05-2011 00:00,29
13-08-2011 01:00,79
09-06-2011 7:00,279
07-11-2011 20:00,187
19-03-2011 09:00,99
14-11-2011 13:00,203
11-12-2011 8:00,59
18-11-2012 20:00,209
13-02-2012 11:00,81
18-04-2012 18:00,489
08-08-2011 6:00,121
03-07-2011 10:00,290
18-08-2012 06:00,27
13-03-2012 02:00,4
07-08-2012 18:00,705
07-02-2011 22:00,54
05-06-2012 22:00,211
12-06-2011 11:00,296
13-01-2012 11:00,87
08-07-2012 22:00,122
17-09-2011 23:00,67
05-02-2012 4:00,4
01-05-2011 19:00,162
06-10-2012 14:00,669
04-09-2012 16:00,365
07-11-2012 1:00,14
16-04-2011 14:00,108
17-07-2012 17:00,638
16-10-2012 21:00,271
09-05-2011 15:00,184
05-09-2011 9:00,93
06-10-2012 12:00,749
14-05-2012 07:00,214
07-08-2012 12:00,263
08-06-2012 23:00,167
07-09-2011 21:00,92
09-06-2012 13:00,560
15-06-2012 23:00,166
18-08-2012 19:00,447
15-12-2012 08:00,105
04-01-2012 14:00,71
01-04-2012 7:00,42
05-12-2011 8:00,351
12-01-2011 8:00,171
04-02-2012 19:00,92
12-03-2011 2:00,24
02-09-2011 5:00,24
06-12-2011 22:00,52
08-08-2011 21:00,179
09-02-2011 20:00,46
05-09-2012 3:00,8
15-11-2012 22:00,157
09-05-2012 4:00,4
01-03-2011 6:00,39
08-02-2011 10:00,40
09-02-2011 0:00,8
07-05-2011 10:00,278
01-11-2012 8:00,675
19-03-2011 09:00,96
06-02-2011 15:00,160
16-02-2011 07:00,102
06-10-2011 9:00,279
14-08-2012 21:00,292
16-02-2011 12:00,80
07-05-2011 6:00,13
05-08-2012 15:00,473
18-07-2012 12:00,255
15-04-2012 23:00,133
09-08-2011 17:00,486
09-06-2012 15:00,501
11-04-2012 18:00,322
09-09-2012 3:00,35
10-09-2012 12:00,316
15-09-2012 00:00,127
15-11-2011 01:00,15
18-02-2011 11:00,91
04-07-2011 2:00,47
02-07-2011 2:00,64
16-06-2011 01:00,16
02-11-2011 2:00,5
03-12-2012 5:00,27
12-12-2011 0:00,19
04-08-2012 4:00,15
02-07-2012 2:00,14
06-05-2012 23:00,113
03-05-2012 10:00,184
05-03-2012 6:00,67
17-01-2011 20:00,30
19-05-2011 15:00,168
01-05-2011 13:00,299
05-03-2011 0:00,36
18-01-2012 18:00,226
09-03-2011 20:00,90
07-02-2012 18:00,372
15-08-2012 01:00,24
17-06-2012 13:00,633
09-04-2012 16:00,352
15-09-2012 05:00,14
10-05-2011 14:00,154
13-06-2012 08:00,638
17-01-2012 15:00,124
07-06-2011 13:00,164
16-04-2011 04:00,4
11-09-2012 15:00,298
02-04-2012 20:00,279
09-07-2011 17:00,354
19-07-2011 09:00,237
13-06-2012 02:00,11
04-10-2011 8:00,442
09-05-2011 13:00,185
14-11-2012 13:00,221
04-09-2011 3:00,19
19-08-2012 08:00,163
10-03-2012 12:00,247
07-10-2011 6:00,113
19-12-2011 10:00,80
14-06-2011 21:00,176
12-01-2012 12:00,127
06-04-2011 22:00,102
19-05-2012 00:00,137
03-07-2012 3:00,10
14-03-2011 19:00,162
13-07-2012 13:00,349
14-03-2011 14:00,79
15-02-2012 09:00,172
02-11-2012 13:00,268
08-02-2012 22:00,72
01-05-2011 18:00,193
19-12-2011 20:00,182
14-03-2011 09:00,117
18-12-2011 03:00,12
18-05-2012 00:00,58
01-07-2011 16:00,374
06-03-2012 6:00,66
17-12-2012 22:00,136
17-03-2012 21:00,158
10-10-2011 19:00,206
15-09-2012 04:00,13
08-02-2012 3:00,3
06-01-2012 15:00,179
19-04-2012 08:00,584
12-07-2012 4:00,11
19-04-2012 00:00,26
02-04-2012 16:00,334
16-02-2012 17:00,241
19-08-2012 15:00,538
02-05-2012 23:00,100
07-03-2012 14:00,157
17-02-2011 18:00,299
01-05-2011 16:00,274
11-02-2012 5:00,2
13-07-2012 06:00,217
09-02-2011 14:00,50
19-08-2012 02:00,84
14-08-2012 07:00,426
15-01-2011 00:00,29
02-07-2011 0:00,110
04-04-2011 2:00,5
18-01-2012 08:00,311
15-11-2012 23:00,100
13-07-2012 23:00,176
17-07-2012 08:00,740
08-10-2012 21:00,155
19-05-2012 02:00,83
11-01-2012 22:00,50
18-03-2011 10:00,105
19-09-2011 08:00,420
02-05-2012 20:00,301
10-07-2011 0:00,100
06-04-2012 11:00,184
13-10-2012 16:00,606
01-06-2011 19:00,268
02-11-2011 0:00,24
17-12-2011 15:00,230
04-07-2011 21:00,125
03-11-2012 1:00,82
06-12-2012 9:00,266
13-10-2012 10:00,398
18-02-2011 21:00,109
08-04-2012 21:00,185
16-10-2012 00:00,48
13-10-2011 09:00,150
04-10-2012 11:00,275
09-12-2012 10:00,237
18-08-2012 13:00,708
13-02-2011 04:00,2
03-08-2011 12:00,130
08-02-2012 9:00,149
08-08-2012 17:00,777
15-10-2011 06:00,16
04-06-2011 7:00,44
07-06-2011 5:00,20
04-07-2011 10:00,250
06-01-2012 0:00,22
19-11-2011 03:00,15
08-04-2011 9:00,175
07-10-2012 6:00,25
07-05-2012 2:00,10
03-06-2012 20:00,300
02-02-2011 21:00,59
17-05-2012 22:00,229
14-03-2012 22:00,147
02-09-2011 11:00,150
17-10-2011 08:00,508
17-09-2011 18:00,231
06-12-2012 11:00,162
17-04-2012 20:00,305
05-06-2012 4:00,4
06-01-2011 16:00,101
15-09-2012 02:00,83
12-01-2012 1:00,5
14-11-2011 12:00,200
13-09-2012 21:00,304
12-02-2012 2:00,18
17-09-2012 15:00,268
10-05-2011 8:00,430
11-10-2011 7:00,259
01-12-2012 8:00,94
16-07-2012 06:00,187
16-01-2012 14:00,171
12-11-2012 11:00,439
17-12-2011 14:00,226
16-06-2011 10:00,145
02-09-2011 23:00,86
05-08-2012 11:00,496
15-02-2012 06:00,79
05-07-2012 22:00,243
02-06-2011 11:00,162
16-12-2011 21:00,127
04-10-2011 13:00,202
09-02-2011 13:00,57
02-01-2011 12:00,141
19-03-2011 01:00,52
06-11-2012 16:00,307
04-05-2012 10:00,220
05-09-2011 17:00,224
10-06-2011 12:00,195
12-11-2012 23:00,108
05-03-2012 19:00,216
04-05-2011 3:00,0
09-08-2011 12:00,170
07-06-2011 6:00,102
08-05-2012 3:00,6
19-10-2012 20:00,424
09-11-2011 9:00,185
19-03-2012 03:00,4
01-11-2012 6:00,149
08-07-2011 14:00,184
07-08-2012 13:00,273
05-12-2012 13:00,258
09-02-2012 21:00,129
02-05-2011 15:00,182
05-08-2012 4:00,15
18-12-2012 15:00,247
15-04-2011 14:00,338
19-02-2012 14:00,230
18-07-2012 09:00,385
11-07-2012 20:00,440
19-11-2012 02:00,9
01-01-2012 2:00,36
09-04-2011 4:00,1
01-03-2012 15:00,222
16-05-2012 05:00,31
06-12-2011 14:00,59
14-02-2011 05:00,10
11-05-2011 7:00,254
13-12-2011 22:00,87
10-02-2011 23:00,27
01-09-2012 12:00,539
18-12-2011 14:00,230
19-12-2011 11:00,90
14-06-2012 03:00,10
03-07-2011 6:00,14
03-02-2011 9:00,87
19-06-2011 22:00,105
10-12-2012 17:00,570
09-08-2012 14:00,246
13-08-2012 13:00,306
12-03-2011 19:00,139
19-09-2011 18:00,408
12-09-2012 11:00,260
14-10-2012 22:00,176
10-03-2012 20:00,131
17-02-2011 20:00,142
08-07-2012 16:00,529
11-07-2012 1:00,22
15-05-2012 14:00,225
09-07-2012 19:00,599
17-11-2011 09:00,184
13-03-2012 03:00,3
19-10-2012 02:00,13
07-02-2011 9:00,100
15-07-2012 17:00,556
04-07-2011 21:00,130
18-08-2012 10:00,514
15-03-2011 23:00,31
08-11-2011 8:00,327
01-01-2011 18:00,69
19-01-2012 02:00,4
14-07-2011 22:00,169
02-08-2012 18:00,820
06-06-2011 11:00,161
02-05-2011 4:00,4
01-02-2011 10:00,44
02-07-2011 1:00,86
08-12-2011 19:00,221
17-09-2011 22:00,103
11-05-2011 17:00,519
07-12-2011 4:00,2
16-12-2011 01:00,15
10-06-2011 2:00,9
04-12-2011 14:00,301
19-04-2012 04:00,6
11-10-2012 17:00,921
15-04-2011 22:00,52
10-06-2012 0:00,138
01-08-2011 20:00,253
03-02-2012 20:00,196
11-07-2011 12:00,190
16-08-2011 20:00,231
02-04-2011 4:00,4
09-01-2012 13:00,103
18-04-2012 15:00,125
13-03-2011 07:00,22
11-10-2011 5:00,22
04-08-2011 18:00,498
03-10-2011 22:00,106
17-02-2012 04:00,3
06-11-2011 17:00,288
12-08-2011 22:00,165
10-09-2011 20:00,177
02-12-2012 1:00,70
09-08-2012 12:00,310
10-10-2012 7:00,454
18-11-2011 03:00,3
11-12-2012 14:00,184
07-02-2012 17:00,408
09-08-2012 4:00,8
11-07-2011 0:00,38
07-08-2012 11:00,216
02-01-2012 18:00,130
18-01-2012 03:00,4
08-09-2011 10:00,105
14-07-2012 20:00,276
12-01-2012 10:00,98
05-09-2011 19:00,102
07-11-2011 9:00,141
06-12-2011 1:00,8
06-06-2012 22:00,192
12-03-2011 14:00,197
17-08-2012 00:00,71
01-07-2012 1:00,123
09-01-2012 22:00,65
01-02-2011 23:00,15
14-03-2012 13:00,217
11-05-2012 18:00,809
11-11-2012 7:00,46
15-11-2011 07:00,281
04-07-2011 15:00,339
12-09-2012 19:00,551
09-12-2011 5:00,18
18-10-2011 09:00,237
02-07-2011 23:00,108
04-01-2011 21:00,60
05-09-2011 18:00,206
03-07-2011 23:00,86
13-04-2011 05:00,7
15-01-2011 12:00,134
13-09-2011 07:00,256
19-10-2012 04:00,10
18-11-2012 11:00,382
07-01-2011 8:00,196
17-07-2012 19:00,455
12-12-2012 12:00,193
15-11-2012 19:00,397
19-12-2011 16:00,206
12-12-2011 20:00,160
05-06-2011 13:00,372
02-09-2012 15:00,330
12-06-2011 12:00,319
02-09-2012 7:00,54
17-08-2011 06:00,108
19-08-2011 04:00,6
03-01-2012 19:00,114
07-09-2011 8:00,265
16-09-2011 21:00,160
01-01-2012 4:00,5
06-09-2012 1:00,19
15-02-2011 12:00,60
03-11-2012 16:00,411
14-02-2012 19:00,222
19-04-2011 06:00,78
01-12-2012 13:00,418
03-04-2012 3:00,5
17-06-2012 19:00,392
12-01-2011 14:00,50
14-12-2012 01:00,16
10-08-2011 0:00,38
16-11-2012 08:00,633
10-01-2012 22:00,85
01-04-2011 17:00,341
14-06-2012 20:00,418
06-01-2012 17:00,476
18-05-2011 22:00,109
02-03-2012 19:00,166
12-12-2011 15:00,117
11-05-2012 6:00,162
07-07-2012 5:00,15
06-03-2011 1:00,32
01-02-2011 15:00,63
06-04-2012 10:00,152
05-09-2012 16:00,394
07-12-2011 22:00,22
01-11-2011 0:00,20
16-11-2012 08:00,663
14-11-2011 07:00,253
14-09-2011 10:00,130
09-11-2011 7:00,213
02-12-2011 22:00,102
06-02-2011 7:00,16
10-09-2012 1:00,23
05-09-2011 0:00,68
07-07-2011 8:00,540
01-12-2011 5:00,17
08-02-2012 7:00,181
01-09-2012 5:00,12
09-11-2012 22:00,193
19-04-2011 14:00,128
09-04-2011 15:00,220
08-01-2012 13:00,278
13-10-2011 21:00,189
18-10-2011 07:00,261
17-03-2011 05:00,13
01-12-2011 9:00,178
09-02-2011 13:00,59
01-11-2011 13:00,171
19-02-2012 06:00,9
04-04-2011 20:00,187
09-07-2011 8:00,122
06-07-2012 1:00,32
08-09-2012 9:00,250
18-01-2012 14:00,93
10-01-2012 2:00,3
15-06-2011 10:00,148
07-09-2012 6:00,174
10-09-2011 10:00,282
17-12-2011 20:00,100
15-11-2011 20:00,180
08-03-2012 11:00,158
04-09-2011 6:00,14
16-10-2012 15:00,307
01-07-2011 1:00,19
03-11-2012 12:00,413
15-04-2012 17:00,505
09-10-2012 11:00,219
04-03-2012 18:00,180
01-12-2012 3:00,23
06-10-2011 17:00,627
19-03-2012 04:00,4
19-11-2011 12:00,323
14-08-2012 18:00,767
02-02-2012 23:00,63
13-06-2012 20:00,398
19-11-2012 16:00,366
16-10-2011 12:00,414
09-03-2012 8:00,406
01-07-2011 18:00,560
07-08-2012 5:00,40
14-06-2011 17:00,338
16-02-2011 12:00,82
17-09-2012 17:00,747
19-08-2011 19:00,212
16-10-2012 19:00,505
03-12-2012 4:00,6
08-09-2011 20:00,174
02-04-2012 20:00,255
18-10-2012 22:00,207
18-05-2011 16:00,248
13-06-2011 20:00,250
10-10-2011 5:00,6
06-12-2011 0:00,24
15-10-2011 03:00,25
12-08-2012 22:00,205
05-11-2012 9:00,260
04-08-2011 11:00,161
16-05-2012 10:00,206
14-04-2012 11:00,456
13-07-2012 23:00,177
04-10-2012 10:00,225
07-10-2012 18:00,221
16-03-2011 13:00,91
17-08-2011 18:00,513
18-06-2011 04:00,8
01-06-2012 20:00,191
05-08-2011 6:00,129
16-10-2011 02:00,50
03-09-2012 17:00,438
18-10-2011 16:00,313
13-07-2011 13:00,136
11-01-2012 5:00,14
06-12-2011 4:00,2
10-02-2011 16:00,82
19-07-2011 04:00,6
04-02-2011 8:00,206
14-04-2012 01:00,86
16-03-2011 11:00,68
06-08-2011 19:00,140
05-12-2012 9:00,341
03-05-2011 0:00,24
13-12-2012 21:00,193
03-04-2011 20:00,79
19-12-2012 17:00,617
13-07-2011 04:00,7
10-01-2011 9:00,71
19-05-2012 04:00,14
09-11-2011 6:00,78
12-10-2012 16:00,471
05-03-2011 4:00,3
05-03-2011 2:00,20
09-02-2011 11:00,43
05-03-2012 9:00,165
03-02-2012 0:00,25
08-08-2011 23:00,86
14-04-2012 15:00,499
07-01-2012 17:00,313
06-03-2011 6:00,4
04-08-2012 21:00,214
07-07-2011 16:00,280
10-07-2012 10:00,233
13-04-2011 12:00,74
04-03-2011 14:00,91
15-10-2012 19:00,322
10-07-2011 2:00,59
08-03-2011 13:00,81
10-04-2012 11:00,196
06-09-2011 17:00,263
09-01-2011 9:00,41
15-08-2011 14:00,174
01-03-2011 8:00,173
11-01-2011 19:00,70
18-09-2011 00:00,65
08-11-2011 12:00,188
03-10-2011 9:00,217
06-12-2011 13:00,68
18-02-2011 04:00,3
13-10-2011 14:00,190
17-09-2012 02:00,11
15-04-2012 11:00,476
02-03-2011 8:00,204
15-10-2011 10:00,310
04-08-2012 5:00,13
06-09-2011 15:00,55
12-03-2012 9:00,224
11-06-2012 14:00,243
19-10-2011 00:00,31
08-11-2012 19:00,380
01-07-2011 5:00,34
17-11-2012 10:00,342
16-05-2011 02:00,5
10-08-2012 12:00,337
19-06-2012 18:00,694
05-09-2011 3:00,19
14-12-2011 04:00,3
02-08-2012 8:00,904
05-03-2012 10:00,84
04-01-2012 18:00,220
17-07-2012 11:00,193
05-08-2011 10:00,165
12-12-2011 16:00,175
16-01-2012 06:00,7
03-02-2012 23:00,63
03-05-2011 2:00,5
04-06-2011 21:00,148
19-10-2011 18:00,233
16-08-2012 10:00,257
01-01-2011 14:00,172
14-12-2011 03:00,3
17-01-2012 18:00,344
19-11-2012 20:00,272
19-10-2011 16:00,147
16-04-2012 00:00,123
06-06-2012 12:00,322
11-11-2011 13:00,283
11-03-2011 5:00,11
10-04-2011 7:00,21
08-08-2012 21:00,287
05-03-2011 18:00,164
05-11-2011 6:00,11
16-07-2011 20:00,220
13-12-2012 00:00,35
04-01-2012 9:00,116
18-08-2011 11:00,178
15-11-2012 22:00,160
13-11-2012 14:00,194
09-12-2011 21:00,135
06-04-2012 3:00,6
10-08-2012 16:00,528
17-09-2011 04:00,8
16-11-2011 21:00,73
12-06-2011 19:00,213
01-12-2011 7:00,176
16-07-2011 09:00,215
04-09-2011 23:00,74
19-08-2011 12:00,209
15-10-2012 23:00,133
05-07-2012 17:00,688
15-08-2011 09:00,224
14-01-2011 22:00,48
15-12-2012 16:00,484
01-04-2011 4:00,2
14-08-2012 02:00,10
11-04-2012 1:00,14
11-06-2012 8:00,817
14-03-2011 07:00,130
17-06-2012 22:00,191
16-09-2011 02:00,5
08-08-2011 19:00,318
19-05-2012 21:00,233
18-05-2012 12:00,360
06-08-2012 22:00,212
19-09-2012 17:00,816
18-04-2012 07:00,385
18-02-2012 00:00,65
14-02-2011 19:00,145
17-08-2012 15:00,291
11-03-2011 16:00,136
17-05-2011 22:00,82
13-04-2011 06:00,36
17-10-2011 10:00,149
09-07-2012 10:00,198
10-10-2012 20:00,409
05-08-2012 22:00,173
18-06-2011 22:00,118
09-06-2012 11:00,551
09-03-2011 12:00,74
12-04-2012 19:00,382
10-10-2011 20:00,166
19-03-2011 13:00,235
11-09-2011 15:00,369
13-06-2012 15:00,299
08-03-2012 20:00,277
12-01-2011 23:00,22
13-12-2011 03:00,3
05-08-2011 10:00,170
08-05-2011 23:00,62
08-12-2011 4:00,2
13-07-2012 17:00,950
09-10-2011 7:00,38
17-10-2012 00:00,46
05-07-2012 11:00,224
07-09-2011 11:00,76
10-02-2011 1:00,3
04-05-2012 16:00,495
19-09-2011 23:00,71
16-12-2011 10:00,105
14-06-2011 07:00,294
06-11-2011 9:00,109
18-01-2012 17:00,249
09-12-2012 19:00,159
15-11-2011 18:00,376
01-10-2011 12:00,268
10-06-2011 20:00,254
01-08-2011 9:00,249
08-07-2012 6:00,28
08-10-2012 18:00,325
14-06-2011 23:00,78
01-06-2011 0:00,31
02-08-2012 20:00,358
08-08-2011 9:00,285
07-06-2012 12:00,342
08-09-2012 22:00,152
16-12-2011 15:00,129
09-10-2011 8:00,92
19-08-2012 11:00,316
13-04-2011 17:00,354
11-03-2012 13:00,323
18-09-2012 02:00,5
05-11-2012 11:00,177
17-05-2011 15:00,151
11-06-2011 10:00,298
18-06-2012 17:00,714
13-06-2012 07:00,398
04-05-2011 18:00,350
14-07-2012 22:00,193
07-08-2012 9:00,380
03-12-2012 20:00,290
17-07-2011 09:00,197
05-01-2012 10:00,80
01-09-2011 1:00,15
03-08-2011 2:00,7
02-05-2012 7:00,347
07-02-2011 13:00,81
10-02-2012 5:00,17
06-07-2012 2:00,16
17-04-2012 17:00,683
06-10-2011 6:00,109
01-07-2012 14:00,452
04-09-2012 23:00,118
15-02-2012 15:00,149
07-09-2012 0:00,51
13-07-2011 10:00,144
10-06-2011 21:00,191
19-01-2012 19:00,185
08-05-2011 16:00,353
19-12-2011 18:00,347
13-08-2011 19:00,210
10-05-2011 22:00,119
14-08-2012 16:00,420
04-09-2012 6:00,135
01-08-2011 21:00,181
03-12-2012 0:00,38
18-10-2011 14:00,182
19-09-2012 21:00,256
10-01-2012 13:00,134
17-12-2012 23:00,52
19-01-2012 22:00,72
15-04-2011 21:00,82
14-11-2012 18:00,544
19-08-2012 06:00,27
19-05-2012 16:00,621
05-03-2012 5:00,16
18-01-2011 13:00,47
01-02-2012 6:00,61
03-12-2012 16:00,462
16-06-2012 11:00,575
12-02-2012 15:00,154
06-09-2012 6:00,155
03-08-2012 5:00,45
06-07-2012 15:00,261
07-11-2011 8:00,291
04-06-2012 14:00,278
18-11-2012 08:00,113
02-10-2012 18:00,428
15-07-2011 20:00,324
07-09-2012 17:00,891
01-11-2011 21:00,127
03-09-2012 13:00,478
12-03-2012 1:00,12
17-10-2012 13:00,314
15-07-2011 00:00,42
09-04-2012 22:00,149
10-06-2011 7:00,348
15-02-2012 20:00,176
15-10-2012 20:00,317
08-08-2011 16:00,244
03-09-2012 1:00,79
01-12-2012 15:00,448
08-08-2011 7:00,336
06-10-2012 7:00,65
17-02-2011 04:00,2
07-11-2012 6:00,106
09-06-2011 6:00,89
07-12-2012 17:00,656
18-08-2011 00:00,40
18-09-2011 02:00,36
19-04-2011 15:00,139
03-10-2012 6:00,152
07-01-2011 14:00,55
11-08-2011 14:00,194
10-09-2012 10:00,225
04-02-2011 19:00,134
10-12-2012 21:00,173
02-07-2011 3:00,29
18-05-2012 21:00,322
02-07-2011 16:00,325
16-06-2012 07:00,71
05-02-2011 19:00,40
02-11-2012 8:00,712
19-07-2012 15:00,305
11-07-2012 13:00,304
09-01-2012 22:00,64
02-02-2012 0:00,34
11-04-2012 9:00,228
19-04-2012 03:00,6
06-04-2012 20:00,290
07-03-2011 4:00,0
06-03-2011 6:00,4
15-02-2012 21:00,129
07-06-2012 7:00,438
02-08-2011 16:00,198
14-04-2012 06:00,18
14-10-2011 15:00,249
03-02-2011 8:00,168
17-12-2011 02:00,34
09-03-2012 10:00,101
06-08-2012 13:00,306
07-05-2012 6:00,133
03-02-2011 14:00,56
01-01-2012 10:00,167
09-06-2011 22:00,140
12-08-2012 11:00,558
17-03-2011 01:00,7
15-03-2011 10:00,57
07-07-2012 10:00,358
06-10-2011 8:00,552
14-03-2011 10:00,63
15-03-2012 23:00,89
12-07-2011 9:00,288
08-12-2011 18:00,321
05-10-2012 5:00,48
15-05-2012 23:00,68
03-06-2011 14:00,194
15-01-2012 16:00,159
02-02-2012 4:00,3
14-08-2011 17:00,330
05-05-2012 12:00,618
12-02-2012 16:00,164
03-07-2011 4:00,6
06-06-2011 16:00,280
19-11-2011 06:00,10
13-02-2012 05:00,13
08-10-2012 10:00,315
05-11-2012 5:00,25
18-06-2011 20:00,177
08-01-2011 18:00,77
17-04-2012 11:00,221
14-07-2011 00:00,40
04-11-2012 8:00,117
04-11-2012 18:00,325
03-01-2012 7:00,143
02-11-2012 19:00,429
08-03-2012 4:00,5
02-05-2012 16:00,429
13-05-2012 04:00,12
14-09-2012 01:00,25
03-02-2011 19:00,118
11-08-2012 9:00,278
09-01-2011 7:00,11
12-01-2011 5:00,7
17-05-2012 14:00,299
17-08-2011 07:00,331
19-01-2012 16:00,157
16-11-2012 00:00,43
01-12-2012 9:00,119
10-05-2012 9:00,374
15-05-2012 21:00,161
04-11-2012 11:00,392
14-10-2011 03:00,5
09-07-2012 5:00,38
02-06-2011 17:00,473
06-07-2011 14:00,181
15-10-2012 04:00,10
12-08-2011 11:00,200
17-04-2011 16:00,280
08-01-2012 18:00,182
17-01-2012 23:00,58
10-11-2011 12:00,147
17-06-2012 15:00,623
04-05-2011 7:00,75
12-02-2012 23:00,41
05-05-2012 12:00,614
19-04-2011 22:00,98
17-05-2011 07:00,171
05-02-2012 15:00,220
18-04-2011 10:00,108
15-10-2011 23:00,92
13-11-2012 05:00,21
01-11-2012 10:00,118
08-09-2011 15:00,89
11-02-2012 14:00,191
04-11-2012 16:00,440
04-08-2011 13:00,191
05-11-2012 14:00,202
02-11-2012 15:00,239
03-04-2011 6:00,9
11-07-2012 10:00,232
05-09-2012 6:00,157
16-09-2011 14:00,170
10-11-2012 9:00,220
10-05-2012 5:00,34
19-03-2012 15:00,217
06-08-2011 16:00,224
16-04-2011 19:00,92
14-11-2012 11:00,171
08-04-2011 3:00,2
04-05-2012 15:00,300
09-10-2012 14:00,264
02-05-2012 1:00,20
07-07-2011 18:00,519
07-05-2011 21:00,141
14-02-2011 14:00,82
12-02-2012 22:00,57
09-03-2011 10:00,52
12-07-2011 8:00,579
01-04-2011 19:00,222
10-11-2011 1:00,11
14-07-2012 13:00,622
14-09-2011 08:00,456
11-07-2011 14:00,157
19-04-2012 20:00,371
10-06-2011 14:00,158
15-07-2011 04:00,7
08-06-2011 16:00,190
11-01-2011 0:00,10
09-09-2012 7:00,63
18-05-2012 13:00,352
16-12-2012 22:00,123
02-10-2012 0:00,51
01-10-2011 19:00,172
12-06-2012 20:00,315
12-02-2011 20:00,67
09-03-2012 6:00,96
15-05-2011 04:00,6
12-02-2012 14:00,161
16-09-2011 01:00,13
01-03-2012 19:00,346
16-07-2011 07:00,50
03-11-2011 4:00,4
12-05-2011 8:00,465
17-01-2011 21:00,23
16-10-2012 14:00,284
07-05-2012 12:00,259
12-12-2012 19:00,322
11-08-2012 16:00,628
18-01-2012 05:00,16
11-12-2011 16:00,218
15-05-2011 08:00,70
05-04-2012 2:00,10
05-08-2011 7:00,350
17-04-2011 09:00,114
07-12-2011 19:00,52
07-11-2012 18:00,475
15-07-2012 20:00,270
05-09-2012 2:00,11
11-12-2012 8:00,526
09-07-2011 21:00,168
07-12-2011 11:00,66
01-11-2012 16:00,367
17-03-2011 00:00,18
11-08-2012 4:00,15
02-01-2012 23:00,40
08-07-2012 1:00,116
16-03-2012 11:00,146
19-12-2012 18:00,560
19-08-2012 20:00,262
17-03-2011 10:00,85
04-03-2012 19:00,144
08-08-2011 3:00,4
04-12-2011 16:00,290
18-02-2012 11:00,234
09-08-2012 10:00,243
14-07-2011 06:00,142
17-01-2012 09:00,95
15-05-2012 16:00,408
15-12-2011 12:00,142
06-11-2011 23:00,59
06-02-2012 22:00,92
07-07-2012 9:00,274
19-11-2011 20:00,134
16-12-2011 10:00,107
16-10-2012 05:00,36
10-02-2012 13:00,130
06-06-2012 8:00,771
17-05-2012 01:00,22
19-12-2012 03:00,5
03-12-2011 10:00,199
10-01-2011 21:00,53
11-09-2011 4:00,7
19-06-2012 20:00,352
02-02-2011 22:00,47
11-05-2011 14:00,166
18-06-2011 15:00,331
05-06-2011 10:00,238
08-02-2012 18:00,180
15-07-2012 12:00,572
04-11-2012 19:00,272
02-08-2011 6:00,115
02-11-2012 3:00,7
14-05-2011 14:00,258
15-08-2011 18:00,503
06-08-2011 17:00,205
13-05-2012 16:00,585
15-01-2011 15:00,137
16-06-2011 05:00,29
17-10-2012 22:00,163
17-11-2011 08:00,249
17-07-2011 16:00,386
12-10-2011 15:00,86
13-08-2011 14:00,387
09-06-2012 4:00,16
09-08-2011 21:00,183
10-02-2011 4:00,1
10-04-2012 14:00,211
03-06-2011 7:00,354
12-11-2012 17:00,490
06-10-2012 10:00,509
16-11-2011 15:00,90
04-06-2011 4:00,9
13-06-2012 17:00,833
08-05-2011 12:00,367
05-06-2011 6:00,16
06-12-2012 8:00,505
01-02-2011 2:00,2
13-09-2012 02:00,12
01-10-2012 23:00,88
06-10-2011 14:00,208
14-06-2012 01:00,28
02-01-2012 5:00,4
18-04-2012 16:00,265
08-09-2012 17:00,296
03-04-2012 12:00,247
01-10-2011 2:00,51
13-04-2012 15:00,271
09-03-2011 13:00,64
10-05-2011 9:00,218
04-04-2012 6:00,122
15-02-2012 07:00,195
09-01-2012 4:00,3
03-03-2011 19:00,123
02-06-2011 22:00,153
10-01-2012 6:00,44
16-09-2012 21:00,224
17-01-2012 00:00,15
18-10-2011 06:00,101
19-10-2012 09:00,395
16-02-2011 16:00,135
07-04-2011 22:00,86
19-07-2012 18:00,786
10-03-2011 22:00,50
07-10-2011 13:00,244
06-11-2012 3:00,5
02-11-2011 19:00,260
15-03-2011 01:00,6
10-02-2012 1:00,10
02-03-2012 5:00,23
01-06-2011 2:00,7
07-05-2012 10:00,169
14-01-2011 05:00,8
04-04-2012 0:00,43
13-10-2011 22:00,146
12-07-2011 20:00,239
11-02-2012 22:00,50
15-05-2012 19:00,488
11-12-2011 17:00,194
19-06-2012 12:00,292
08-10-2012 20:00,139
01-03-2011 23:00,32
19-07-2012 14:00,269
14-07-2012 17:00,360
04-06-2011 19:00,245
15-06-2012 00:00,61
13-06-2012 11:00,245
08-04-2012 16:00,458
14-05-2012 10:00,99
19-07-2011 05:00,25
11-11-2012 19:00,345
19-06-2012 07:00,415
02-05-2012 14:00,253
15-07-2012 10:00,449
09-07-2012 8:00,777
01-07-2011 14:00,196
12-03-2012 16:00,308
19-02-2011 04:00,3
12-12-2011 21:00,111
16-08-2012 15:00,322
18-12-2011 06:00,9
12-12-2011 17:00,303
01-02-2011 18:00,160
08-02-2011 1:00,5
18-07-2012 16:00,478
08-06-2012 11:00,306
10-06-2012 22:00,188
02-07-2012 20:00,421
04-05-2012 22:00,212
09-08-2011 8:00,482
13-12-2012 12:00,234
02-06-2011 10:00,146
04-11-2012 20:00,186
03-12-2012 7:00,317
03-12-2012 3:00,6
13-05-2012 05:00,12
11-04-2012 2:00,7
11-04-2012 5:00,23
03-06-2012 14:00,614
05-12-2011 14:00,131
02-08-2012 12:00,313
04-10-2011 7:00,221
13-04-2012 03:00,7
08-06-2012 13:00,359
11-04-2011 20:00,219
19-11-2012 18:00,575
14-07-2012 22:00,199
19-02-2011 21:00,51
12-12-2011 12:00,122
06-07-2011 0:00,36
07-02-2012 16:00,215
03-07-2011 12:00,376
06-07-2011 10:00,88
13-09-2011 04:00,4
10-05-2012 0:00,31
12-01-2012 0:00,12
18-04-2011 22:00,114
15-05-2011 10:00,214
09-06-2011 4:00,5
07-01-2011 10:00,47
17-09-2012 19:00,454
12-03-2011 16:00,200
13-02-2012 22:00,86
12-06-2011 2:00,39
16-07-2012 23:00,137
11-11-2012 13:00,620
13-04-2011 20:00,164
07-03-2012 17:00,562
07-07-2011 7:00,290
05-03-2011 17:00,193
19-04-2012 19:00,526
12-06-2011 22:00,102
10-11-2011 11:00,125
04-06-2012 0:00,53
06-12-2011 18:00,210
12-08-2011 21:00,229
09-03-2012 22:00,103
04-05-2012 8:00,782
10-01-2011 3:00,1
04-09-2011 17:00,303
06-10-2012 3:00,42
17-04-2012 09:00,372
08-04-2012 10:00,324
08-10-2011 18:00,345
08-03-2011 7:00,115
19-09-2012 05:00,34
07-03-2011 16:00,105
04-02-2012 11:00,225
13-05-2011 08:00,406
14-09-2011 21:00,165
07-10-2012 10:00,362
17-11-2012 03:00,27
04-09-2011 7:00,39
07-06-2012 8:00,792
08-08-2011 2:00,6
03-07-2012 15:00,241
04-08-2011 21:00,178
03-04-2011 17:00,224
01-10-2012 9:00,402
05-08-2011 17:00,621
14-08-2012 05:00,32
05-12-2012 12:00,256
03-05-2012 5:00,27
18-02-2012 09:00,106
05-09-2012 14:00,230
07-12-2012 20:00,210
17-11-2011 08:00,263
07-02-2011 1:00,5
17-03-2011 19:00,209
12-09-2011 22:00,115
13-06-2011 16:00,284
19-02-2011 14:00,162
15-05-2011 12:00,327
15-04-2012 15:00,552
01-12-2012 22:00,122
04-08-2011 12:00,201
19-10-2012 15:00,386
13-06-2011 13:00,200
16-11-2011 20:00,89
14-12-2012 21:00,210
10-07-2012 17:00,895
03-01-2011 15:00,56
15-06-2012 04:00,9
09-02-2011 10:00,41
01-03-2011 22:00,54
11-02-2011 6:00,44
03-01-2012 4:00,2
01-03-2011 1:00,4
03-10-2011 4:00,4
02-09-2011 15:00,197
01-04-2012 6:00,16
14-05-2012 17:00,371
03-02-2012 13:00,156
05-10-2012 0:00,65
07-02-2012 13:00,150
13-05-2012 18:00,426
16-08-2012 14:00,295
09-02-2012 23:00,57
13-01-2011 06:00,37
10-10-2011 9:00,154
12-03-2012 19:00,346
15-04-2011 15:00,323
06-03-2011 3:00,10
15-01-2011 03:00,8
06-02-2011 3:00,9
04-05-2012 4:00,8
06-02-2012 20:00,167
10-03-2012 16:00,294
07-09-2011 5:00,16
14-12-2012 05:00,28
05-06-2011 22:00,105
03-01-2011 14:00,51
16-07-2011 01:00,85
12-03-2011 9:00,81
08-05-2011 7:00,31
09-11-2012 8:00,707
09-02-2012 2:00,4
02-10-2011 16:00,157
18-12-2011 09:00,98
04-08-2012 20:00,296
03-08-2012 23:00,145
19-03-2012 08:00,455
16-02-2012 14:00,73
06-08-2011 10:00,269
07-01-2011 13:00,58
14-11-2012 19:00,361
05-08-2011 5:00,29
16-10-2012 16:00,458
07-09-2012 11:00,266
06-11-2011 7:00,26
19-02-2011 23:00,30
04-04-2011 9:00,197
10-11-2011 4:00,4
16-10-2012 21:00,250
09-05-2011 22:00,119
02-02-2012 1:00,13
09-05-2011 14:00,169
11-09-2011 11:00,280
04-01-2012 23:00,41
18-06-2011 07:00,43
18-03-2011 09:00,181
12-09-2012 12:00,325
16-07-2012 04:00,10
05-05-2012 13:00,633
14-11-2011 16:00,301
11-06-2011 8:00,112
14-12-2011 02:00,5
10-07-2011 20:00,195
12-10-2012 9:00,496
01-04-2011 7:00,123
17-05-2011 14:00,126
03-01-2012 20:00,91
15-06-2011 09:00,263
19-02-2012 00:00,50
10-06-2012 9:00,262
17-05-2012 21:00,304
14-03-2012 09:00,264
12-05-2012 17:00,538
13-08-2011 08:00,110
10-04-2011 1:00,40
05-05-2011 1:00,10
15-09-2011 04:00,5
12-05-2012 1:00,104
07-12-2012 12:00,227
10-11-2012 14:00,641
14-01-2012 14:00,201
07-07-2011 13:00,182
18-01-2012 06:00,69
19-08-2011 18:00,580
14-04-2012 20:00,251
08-10-2011 2:00,52
01-07-2011 22:00,181
11-12-2012 3:00,3
08-02-2012 16:00,109
12-10-2012 4:00,9
13-10-2011 07:00,170
12-12-2011 13:00,114
18-05-2011 17:00,478
19-06-2012 15:00,270
08-01-2012 16:00,252
07-09-2011 0:00,21
09-02-2011 7:00,94
12-10-2012 18:00,789
09-01-2011 22:00,32
11-11-2011 2:00,39
12-06-2011 8:00,92
09-08-2012 7:00,456
11-06-2012 23:00,135
10-11-2012 6:00,17
10-02-2012 22:00,99
04-11-2012 10:00,329
04-08-2012 13:00,545
07-01-2011 22:00,46
08-10-2012 6:00,20
14-12-2011 08:00,315
14-06-2012 14:00,311
15-06-2012 14:00,327
01-08-2011 0:00,35
16-07-2011 03:00,27
02-07-2012 23:00,156
13-04-2012 00:00,42
12-05-2012 19:00,377
09-05-2011 5:00,19
06-01-2011 19:00,123
03-10-2012 5:00,36
17-07-2012 18:00,618
12-01-2011 15:00,53
01-04-2012 1:00,68
02-06-2011 6:00,135
10-12-2012 3:00,5
16-08-2011 00:00,34
19-12-2012 01:00,16
16-01-2012 18:00,138
01-09-2012 13:00,512
11-04-2012 12:00,174
12-07-2011 9:00,287
08-02-2011 14:00,49
19-12-2011 07:00,175
10-03-2011 16:00,69
06-12-2011 2:00,5
12-08-2011 5:00,33
15-09-2011 17:00,191
04-01-2011 16:00,100
07-11-2011 11:00,125
05-07-2011 0:00,35
04-03-2011 5:00,9
01-09-2012 11:00,465
05-05-2011 17:00,460
10-06-2012 10:00,444
12-05-2011 6:00,90
03-03-2012 20:00,167
05-10-2012 15:00,409
15-08-2011 19:00,317
11-06-2012 3:00,8
17-06-2012 13:00,623
01-02-2011 15:00,63
01-12-2012 1:00,79
06-03-2012 12:00,120
04-08-2011 23:00,94
11-03-2012 17:00,314
10-10-2012 9:00,464
10-07-2011 19:00,252
06-03-2012 18:00,335
14-04-2012 05:00,9
02-11-2012 17:00,693
07-04-2012 19:00,272
06-04-2012 23:00,103
10-07-2012 8:00,857
10-03-2011 10:00,39
05-08-2012 19:00,323
19-09-2012 20:00,353
03-10-2012 4:00,8
03-11-2011 10:00,106
10-02-2011 11:00,45
01-06-2012 22:00,134
15-02-2011 01:00,5
19-04-2012 15:00,288
18-05-2012 07:00,438
18-06-2012 06:00,93
14-06-2011 18:00,481
08-09-2012 18:00,254
03-06-2012 0:00,135
02-06-2012 23:00,146
15-09-2012 22:00,188
19-01-2012 09:00,140
14-01-2011 16:00,102
19-10-2012 21:00,312
18-05-2012 10:00,256
10-09-2011 2:00,39
19-11-2012 15:00,259
18-01-2012 01:00,9
13-12-2012 10:00,154
12-02-2012 16:00,162
04-09-2012 0:00,41
09-04-2011 21:00,75
04-03-2011 13:00,100
06-08-2012 10:00,221
10-09-2012 11:00,252
08-07-2012 21:00,228
18-06-2011 23:00,80
18-02-2012 10:00,177
09-11-2011 11:00,139
14-02-2011 08:00,235
15-02-2012 10:00,96
06-06-2012 15:00,309
12-09-2012 23:00,128
13-05-2012 15:00,599
19-07-2011 18:00,446
14-06-2012 18:00,871
18-09-2011 19:00,198
15-07-2011 08:00,694
17-06-2011 04:00,5
01-01-2011 2:00,20
15-03-2012 21:00,197
19-09-2011 01:00,12
07-10-2012 0:00,133
02-05-2011 11:00,132
01-05-2012 21:00,269
10-11-2012 12:00,583
03-04-2011 13:00,255
10-02-2011 14:00,50
19-03-2012 05:00,21
15-01-2011 04:00,2
17-04-2012 17:00,684
07-01-2011 7:00,122
07-11-2012 23:00,57
18-06-2011 10:00,291
10-06-2012 20:00,287
09-09-2012 15:00,585
11-10-2011 17:00,447
15-04-2012 12:00,567
11-12-2011 15:00,223
19-09-2011 12:00,171
06-02-2012 5:00,14
15-04-2012 02:00,71
18-06-2012 11:00,180
02-07-2012 6:00,211
09-04-2011 7:00,20
03-09-2012 23:00,92
14-09-2011 02:00,6
01-12-2011 19:00,251
12-05-2011 0:00,23
07-11-2012 2:00,7
10-10-2012 23:00,133
15-10-2011 07:00,40
10-07-2011 0:00,98
12-04-2011 8:00,163
04-05-2011 3:00,0
18-10-2011 05:00,21
04-11-2012 22:00,123
18-08-2011 10:00,154
03-08-2011 13:00,184
12-05-2011 21:00,158
02-09-2011 6:00,113
13-08-2012 21:00,297
15-07-2012 10:00,451
03-04-2011 17:00,219
14-05-2012 14:00,226
19-12-2012 11:00,198
09-04-2011 12:00,221
07-10-2012 21:00,175
02-07-2011 13:00,422
16-12-2012 03:00,22
08-02-2012 5:00,16
13-01-2011 10:00,39
18-04-2012 05:00,32
05-02-2012 12:00,217
11-02-2011 23:00,35
06-12-2011 11:00,57
08-10-2012 3:00,28
02-03-2012 22:00,113
15-03-2011 04:00,2
13-04-2012 01:00,18
09-09-2011 8:00,290
03-12-2011 1:00,48
09-04-2012 17:00,647
08-12-2012 22:00,124
13-12-2012 13:00,223
16-12-2012 19:00,230
16-02-2011 14:00,80
10-11-2011 10:00,97
16-01-2012 19:00,119
09-09-2012 5:00,12
19-01-2012 20:00,133
12-10-2011 19:00,174
19-08-2011 15:00,208
18-01-2011 13:00,48
06-07-2011 23:00,81
18-05-2011 09:00,131
01-06-2012 21:00,189
19-03-2012 01:00,12
12-03-2011 20:00,102
18-07-2011 12:00,198
10-11-2011 1:00,12
12-09-2012 7:00,425
01-05-2012 16:00,429
11-12-2011 17:00,193
11-03-2011 20:00,123
13-10-2011 10:00,75
05-07-2012 19:00,479
05-05-2011 14:00,149
18-06-2012 10:00,115
02-03-2011 18:00,227
13-05-2011 10:00,117
02-11-2011 8:00,375
18-11-2012 04:00,8
17-02-2011 13:00,123
19-01-2012 22:00,73
16-05-2012 13:00,297
15-11-2011 10:00,129
11-05-2012 1:00,23
02-01-2012 20:00,85
09-11-2012 9:00,330
19-03-2012 19:00,381
03-12-2011 8:00,68
03-10-2011 12:00,154
11-11-2012 18:00,444
07-11-2011 4:00,4
08-01-2011 14:00,103
14-01-2012 21:00,71
14-11-2011 20:00,257
08-02-2012 19:00,124
18-02-2012 01:00,54
06-08-2011 19:00,134
04-12-2011 11:00,205
11-04-2011 17:00,488
08-11-2012 9:00,278
15-12-2012 17:00,442
15-06-2011 21:00,191
09-03-2012 4:00,3
03-05-2012 9:00,311
14-04-2011 13:00,177
01-10-2012 19:00,522
04-08-2011 15:00,200
14-02-2012 09:00,151
16-11-2012 22:00,175
01-04-2011 21:00,122
03-12-2012 12:00,288
15-05-2012 20:00,220
17-09-2012 23:00,58
18-06-2011 17:00,332
09-09-2012 19:00,380
14-11-2011 06:00,89
16-08-2012 09:00,499
04-08-2011 19:00,346
06-09-2011 20:00,97
12-04-2012 15:00,236
07-01-2012 11:00,226
10-03-2011 12:00,51
15-12-2012 01:00,72
07-12-2011 12:00,78
10-04-2011 20:00,121
14-02-2011 06:00,49
08-03-2011 20:00,103
13-09-2011 14:00,166
07-02-2012 21:00,128
14-05-2012 04:00,7
09-05-2011 0:00,26
10-01-2011 6:00,31
15-05-2012 10:00,190
16-04-2012 14:00,504
15-01-2012 14:00,160
07-12-2012 3:00,5
09-05-2012 18:00,278
05-03-2011 23:00,41
17-09-2011 15:00,308
16-03-2011 21:00,91
15-11-2011 20:00,179
10-06-2011 23:00,91
13-01-2012 16:00,155
11-06-2011 2:00,52
19-10-2012 12:00,401
08-10-2012 12:00,465
06-11-2011 12:00,317
07-12-2011 21:00,33
08-10-2012 0:00,95
16-08-2011 19:00,351
17-11-2012 15:00,463
13-02-2012 18:00,287
10-12-2011 23:00,49
16-01-2012 23:00,26
10-11-2012 0:00,106
08-10-2012 11:00,383
16-08-2011 15:00,182
09-08-2011 19:00,315
10-05-2012 18:00,754
16-02-2012 15:00,91
04-12-2012 22:00,179
12-05-2011 4:00,4
07-07-2012 5:00,15
18-03-2012 11:00,239
01-07-2012 16:00,436
18-06-2012 03:00,6
10-07-2012 23:00,115
02-02-2011 19:00,119
07-12-2011 18:00,153
14-03-2011 06:00,49
18-09-2011 15:00,327
17-03-2012 06:00,11
06-10-2012 8:00,172
10-11-2011 10:00,96
08-06-2011 1:00,13
14-07-2011 08:00,675
01-08-2011 10:00,129
18-12-2012 00:00,34
09-02-2012 14:00,116
03-04-2011 19:00,153
03-06-2011 1:00,17
15-09-2011 22:00,112
01-01-2011 10:00,116
13-03-2011 21:00,61
05-03-2012 13:00,111
14-11-2011 02:00,6
02-09-2011 7:00,307
13-08-2011 18:00,293
14-10-2011 07:00,207
14-02-2012 02:00,4
05-05-2011 8:00,446
06-08-2012 5:00,40
06-09-2012 0:00,44
17-01-2011 10:00,67
07-04-2012 17:00,384
18-10-2012 18:00,828
05-11-2011 14:00,321
09-03-2012 7:00,267
04-08-2012 12:00,573
15-10-2012 08:00,876
07-09-2011 9:00,138
12-01-2011 13:00,57
13-10-2011 16:00,319
06-10-2012 16:00,713
09-09-2011 3:00,3
15-09-2012 03:00,39
07-04-2012 7:00,40
02-04-2012 4:00,4
01-06-2012 11:00,245
11-12-2012 22:00,138
04-11-2012 3:00,27
19-04-2012 22:00,202
14-08-2011 19:00,225
12-11-2011 3:00,16
15-09-2011 14:00,159
01-07-2012 13:00,461
11-11-2011 22:00,83
12-11-2012 8:00,119
06-12-2012 19:00,350
15-07-2012 18:00,262
05-05-2012 8:00,152
04-06-2012 15:00,308
13-01-2012 04:00,1
05-12-2012 13:00,269
11-06-2011 1:00,69
12-04-2012 3:00,5
10-09-2012 21:00,277
18-05-2011 07:00,228
02-03-2012 21:00,99
16-01-2012 15:00,173
12-08-2011 13:00,231
14-05-2012 13:00,254
16-11-2011 20:00,82
16-01-2012 04:00,4
17-02-2012 05:00,15
08-01-2012 17:00,232
14-08-2011 03:00,17
19-04-2012 09:00,313
17-07-2012 02:00,13
11-11-2011 19:00,165
17-09-2011 17:00,295
05-12-2011 3:00,3
01-02-2012 11:00,126
05-07-2011 9:00,285
06-11-2012 1:00,14
12-09-2012 16:00,455
14-03-2012 07:00,273
12-07-2011 19:00,320
15-05-2011 05:00,3
16-06-2012 17:00,554
03-04-2011 1:00,43
11-09-2011 14:00,370
06-05-2012 18:00,407
02-10-2011 14:00,178
01-06-2011 17:00,414
18-08-2012 04:00,16
12-01-2012 22:00,104
02-09-2011 2:00,5
06-04-2012 0:00,43
04-05-2011 8:00,121
14-03-2011 07:00,127
19-10-2011 08:00,307
15-04-2011 19:00,133
08-03-2012 13:00,226
07-08-2012 2:00,11
04-04-2011 3:00,3
02-12-2012 21:00,161
08-05-2012 3:00,7
02-06-2012 2:00,71
13-07-2011 08:00,586
11-09-2012 8:00,753
07-09-2012 0:00,52
13-11-2011 17:00,295
02-03-2011 3:00,1
03-02-2011 13:00,60
13-03-2012 23:00,94
03-05-2011 16:00,268
13-10-2011 04:00,4
06-09-2011 5:00,9
13-06-2012 09:00,336
07-03-2011 21:00,71
01-08-2011 7:00,281
10-05-2012 21:00,273
17-02-2011 06:00,52
15-08-2011 21:00,190
15-02-2011 00:00,12
02-01-2012 22:00,51
16-12-2012 01:00,53
04-05-2012 7:00,455
09-02-2012 4:00,2
10-09-2011 4:00,7
17-09-2011 12:00,322
19-11-2012 11:00,175
16-05-2011 16:00,148
03-05-2012 23:00,123
03-03-2011 22:00,53
17-03-2011 20:00,139
13-08-2011 20:00,155
04-02-2012 14:00,245
11-09-2011 13:00,358
02-06-2011 18:00,469
09-12-2011 17:00,421
03-01-2011 22:00,43
06-03-2011 10:00,76
12-07-2011 21:00,176
13-08-2011 22:00,91
17-06-2011 00:00,32
15-10-2011 20:00,196
10-05-2011 13:00,168
05-02-2012 23:00,52
16-06-2011 11:00,162
19-06-2011 01:00,67
15-04-2012 01:00,101
04-02-2011 15:00,79
10-01-2012 4:00,2
04-12-2012 3:00,5
01-09-2011 19:00,360
09-11-2011 22:00,105
10-10-2012 0:00,45
12-10-2012 22:00,217
02-07-2011 21:00,175
08-06-2011 23:00,76
09-03-2011 16:00,101
11-02-2012 1:00,32
05-02-2011 17:00,69
03-01-2011 0:00,10
11-08-2011 13:00,216
13-12-2011 14:00,121
19-12-2011 19:00,226
01-03-2011 3:00,1
16-08-2012 06:00,194
14-10-2012 02:00,77
04-05-2011 9:00,64
09-09-2012 21:00,229
09-05-2012 16:00,424
06-08-2011 0:00,90
08-09-2011 6:00,59
17-09-2011 04:00,7
02-02-2011 20:00,75
08-12-2011 13:00,124
12-04-2012 11:00,189
06-01-2012 3:00,3
13-11-2011 18:00,244
12-04-2012 16:00,348
13-05-2011 23:00,46
02-01-2011 4:00,3
11-01-2012 21:00,64
02-10-2012 1:00,22
03-08-2012 19:00,597
15-09-2012 18:00,442
12-05-2011 20:00,249
19-04-2011 11:00,116
11-03-2012 7:00,28
07-11-2012 22:00,95
11-05-2011 21:00,157
17-03-2011 18:00,292
11-02-2011 20:00,99
09-02-2011 16:00,79
07-10-2012 20:00,228
09-01-2011 13:00,101
13-04-2011 15:00,114
13-06-2011 12:00,203
07-06-2012 20:00,431
05-01-2012 21:00,115
05-09-2012 10:00,186
15-05-2012 15:00,255
17-08-2011 01:00,15
03-08-2012 3:00,10
19-05-2012 19:00,409
02-01-2011 2:00,13
16-01-2012 22:00,59
01-09-2012 10:00,399
16-06-2011 18:00,436
10-10-2012 13:00,330
13-01-2011 18:00,151
10-02-2011 8:00,162
10-05-2011 2:00,6
12-07-2011 7:00,341
15-04-2012 20:00,270
02-07-2011 22:00,146
04-07-2012 11:00,480
09-08-2011 2:00,7
09-10-2012 13:00,277
17-11-2012 20:00,208
06-09-2012 5:00,35
13-06-2011 04:00,5
05-09-2012 1:00,20
08-07-2011 13:00,207
04-10-2012 19:00,679
02-10-2011 6:00,12
18-06-2011 06:00,16
19-11-2011 23:00,71
09-04-2012 2:00,9
07-01-2012 4:00,6
01-05-2012 6:00,97
19-03-2011 12:00,214
06-04-2011 4:00,3
07-11-2012 12:00,198
19-06-2012 08:00,708
10-03-2011 5:00,6
12-03-2012 21:00,182
16-04-2012 03:00,32
17-12-2012 06:00,107
16-12-2011 18:00,334
16-10-2011 14:00,426
12-09-2012 22:00,206
15-03-2012 17:00,656
07-04-2011 7:00,183
11-11-2011 8:00,70
09-08-2011 10:00,123
09-07-2012 20:00,394
03-06-2011 9:00,309
12-01-2011 18:00,134
14-01-2011 00:00,11
14-08-2011 14:00,360
08-05-2012 11:00,206
09-11-2011 11:00,139
03-12-2012 21:00,212
10-08-2012 6:00,105
01-08-2012 1:00,23
09-06-2012 13:00,557
14-09-2011 22:00,127
04-07-2012 13:00,461
01-11-2012 12:00,172
01-10-2012 17:00,587
14-02-2012 20:00,165
13-01-2012 16:00,156
05-08-2011 16:00,321
16-05-2012 06:00,137
05-04-2012 20:00,302
10-10-2011 1:00,60
07-03-2011 17:00,206
02-09-2012 12:00,319
08-07-2011 4:00,6
15-06-2012 09:00,490
12-01-2011 7:00,100
14-08-2012 23:00,138
13-12-2012 17:00,596
14-12-2011 09:00,164
11-03-2012 21:00,127
06-12-2011 9:00,149
19-10-2012 23:00,136
18-09-2011 09:00,140
08-04-2012 22:00,150
04-01-2012 21:00,85
15-09-2011 11:00,153
15-05-2012 13:00,173
18-12-2012 22:00,148
19-06-2012 23:00,118
05-07-2011 12:00,198
07-08-2012 9:00,379
19-11-2012 22:00,162
16-09-2012 16:00,590
14-12-2011 16:00,197
01-04-2011 22:00,90
02-03-2012 2:00,7
16-04-2011 23:00,54
07-09-2012 21:00,300
09-07-2012 23:00,142
10-12-2011 0:00,52
10-01-2011 3:00,1
13-10-2011 19:00,331
05-01-2012 14:00,115
02-08-2011 1:00,14
16-03-2011 12:00,96
04-06-2011 23:00,83
15-11-2012 08:00,587
18-10-2011 01:00,12
03-10-2012 3:00,8
14-12-2012 06:00,116
14-09-2011 19:00,286
08-07-2012 9:00,247
02-03-2011 19:00,151
19-08-2012 14:00,362
16-03-2011 08:00,227
06-12-2011 7:00,185
05-01-2011 20:00,79
11-11-2011 21:00,99
14-11-2012 12:00,225
03-12-2012 11:00,210
19-03-2012 18:00,565
19-10-2011 15:00,91
15-09-2012 06:00,28
05-04-2011 12:00,87
05-10-2011 22:00,135
14-03-2011 22:00,63
17-05-2012 17:00,910
16-03-2012 20:00,233
07-06-2012 11:00,290
07-09-2011 22:00,64
08-01-2011 22:00,30
17-04-2011 03:00,17
18-05-2012 05:00,38
17-12-2011 03:00,16
01-10-2012 7:00,454
02-12-2012 15:00,508
19-12-2011 09:00,144
07-01-2012 0:00,66
16-12-2012 14:00,404
06-10-2012 22:00,190
13-02-2011 13:00,152
08-11-2011 6:00,75
19-06-2011 17:00,313
01-10-2012 7:00,443
07-08-2011 20:00,153
10-11-2011 23:00,64
03-07-2011 18:00,268
19-05-2012 16:00,619
17-11-2012 12:00,508
07-09-2012 22:00,230
16-04-2012 01:00,98
17-12-2012 10:00,145
03-08-2012 13:00,291
04-02-2012 12:00,249
16-01-2012 04:00,4
10-08-2011 3:00,6
05-12-2011 0:00,22
01-02-2012 19:00,334
08-02-2011 16:00,78
06-10-2012 0:00,145
17-12-2011 23:00,53
05-08-2012 14:00,483
17-06-2012 07:00,64
05-07-2011 17:00,498
08-06-2011 8:00,533
10-11-2011 5:00,15
13-06-2012 14:00,263
04-08-2012 15:00,537
05-09-2012 17:00,764
03-06-2011 11:00,177
12-09-2011 0:00,27
10-08-2012 17:00,961
03-07-2011 20:00,106
19-04-2012 08:00,593
12-07-2012 7:00,585
05-03-2012 0:00,20
14-09-2012 20:00,433
05-01-2012 4:00,3
02-04-2012 17:00,609
11-04-2011 4:00,3
04-09-2012 10:00,179
13-08-2012 14:00,279
15-01-2012 15:00,167
16-10-2011 10:00,298
17-12-2012 13:00,195
02-01-2011 17:00,138
10-10-2012 1:00,20
13-09-2012 07:00,457
03-06-2012 16:00,591
07-12-2012 18:00,622
06-04-2012 19:00,413
12-11-2011 15:00,355
06-10-2011 4:00,5
09-10-2012 23:00,119
12-04-2012 17:00,631
15-04-2011 13:00,345
10-09-2011 3:00,17
17-04-2012 14:00,231
18-07-2012 07:00,553
08-03-2011 16:00,125
03-01-2012 7:00,141
02-10-2012 23:00,112
15-01-2011 07:00,14
10-02-2012 11:00,105
17-03-2011 10:00,87
11-01-2011 17:00,121
03-04-2011 8:00,66
08-09-2011 4:00,4
02-02-2012 17:00,421
11-10-2011 3:00,4
06-08-2011 20:00,110
05-02-2011 0:00,32
09-06-2012 10:00,482
18-07-2011 13:00,189
15-04-2011 21:00,81
14-05-2011 13:00,173
11-05-2011 20:00,217
13-11-2011 03:00,17
07-10-2012 14:00,499
14-04-2012 09:00,212
17-01-2012 19:00,224
01-08-2011 11:00,131
11-02-2011 12:00,78
02-08-2012 5:00,40
10-12-2011 2:00,35
05-01-2011 19:00,110
01-06-2011 10:00,113
18-04-2011 15:00,158
15-03-2011 22:00,50
12-06-2012 15:00,145
04-04-2011 0:00,23
08-02-2011 3:00,0
14-06-2012 15:00,331
14-07-2011 10:00,179
16-02-2011 09:00,94
12-07-2012 18:00,942
08-09-2012 0:00,112
09-11-2011 4:00,4
18-09-2011 20:00,147
03-10-2012 20:00,406
11-04-2011 10:00,87
17-03-2012 04:00,7
12-07-2012 3:00,11
10-12-2012 10:00,125
10-11-2011 19:00,240
08-09-2012 3:00,30
08-09-2011 3:00,2
15-06-2011 15:00,198
04-06-2011 13:00,417
06-05-2011 12:00,209
16-10-2011 09:00,178
18-06-2011 11:00,333
15-05-2011 13:00,332
05-01-2012 11:00,104
05-08-2011 3:00,6
05-12-2012 10:00,172
02-03-2012 20:00,173
09-11-2012 17:00,795
15-03-2011 02:00,3
07-06-2012 21:00,322
09-06-2012 22:00,208
01-04-2011 12:00,128
17-06-2012 02:00,87
18-03-2012 11:00,245
03-01-2011 7:00,92
03-06-2012 22:00,196
04-05-2011 11:00,86
03-06-2012 10:00,456
10-07-2011 5:00,8
12-04-2011 2:00,6
01-08-2012 0:00,53
03-04-2012 2:00,8
03-05-2011 8:00,360
17-05-2011 13:00,108
19-11-2011 01:00,47
14-02-2011 11:00,83
05-06-2011 16:00,363
01-11-2011 6:00,71
09-06-2011 2:00,6
04-01-2012 18:00,212
09-05-2011 5:00,19
06-11-2012 4:00,5
04-12-2012 7:00,349
12-01-2012 21:00,156
18-04-2012 14:00,129
12-12-2012 22:00,133
01-08-2012 14:00,265
08-06-2012 20:00,465
05-09-2011 5:00,7
12-03-2012 15:00,205
11-11-2011 3:00,18
16-02-2012 00:00,22
11-12-2012 0:00,21
06-05-2011 11:00,153
18-08-2012 09:00,312
13-09-2012 09:00,443
16-09-2012 05:00,11
03-01-2012 18:00,165
03-04-2011 10:00,174
19-10-2011 17:00,275
07-08-2011 11:00,254
09-12-2011 2:00,5
15-09-2011 02:00,8
15-09-2012 23:00,131
07-03-2011 15:00,75
16-11-2011 15:00,92
02-02-2012 11:00,72
09-10-2011 9:00,162
07-11-2012 5:00,25
16-12-2011 05:00,27
14-01-2011 23:00,29
19-02-2011 09:00,71
17-03-2012 05:00,6
